{"cameraMode":{"drawMode":0,"name":"Shaded","section":"Shading Mode"},"sceneLighting":true,"audioPlay":false,"sceneViewState":{"m_AlwaysRefresh":false,"showFog":true,"showSkybox":true,"showFlares":true,"showImageEffects":true,"showParticleSystems":true,"showVisualEffectGraphs":true,"m_FxEnabled":true},"in2DMode":false,"pivot":{"x":4.44333553314209,"y":-0.37094879150390627,"z":-0.8516149520874023},"rotation":{"x":-0.002743850462138653,"y":0.7575104236602783,"z":-0.6528305411338806,"w":-0.003178707789629698},"size":36.4389533996582,"orthographic":false}