{"cameraMode":{"drawMode":0,"name":"Shaded","section":"Shading Mode"},"sceneLighting":true,"audioPlay":false,"sceneViewState":{"m_AlwaysRefresh":false,"showFog":true,"showSkybox":true,"showFlares":true,"showImageEffects":true,"showParticleSystems":true,"showVisualEffectGraphs":true,"m_FxEnabled":true},"in2DMode":false,"pivot":{"x":1748.1224365234375,"y":859.159423828125,"z":801.9193115234375},"rotation":{"x":0.13547098636627198,"y":-0.012203382328152657,"z":0.0016627112636342645,"w":0.9907143115997315},"size":672.5499267578125,"orthographic":false}