{"cameraMode":{"drawMode":0,"name":"Shaded","section":"Shading Mode"},"sceneLighting":true,"audioPlay":false,"sceneViewState":{"m_AlwaysRefresh":false,"showFog":true,"showSkybox":true,"showFlares":true,"showImageEffects":true,"showParticleSystems":true,"showVisualEffectGraphs":true,"m_FxEnabled":true},"in2DMode":false,"pivot":{"x":110.10202026367188,"y":-28.62682342529297,"z":19.025108337402345},"rotation":{"x":0.13148856163024903,"y":0.8128473162651062,"z":-0.5306760668754578,"w":0.20129412412643434},"size":84.56002044677735,"orthographic":false}