{"cameraMode":{"drawMode":0,"name":"Shaded","section":"Shading Mode"},"sceneLighting":true,"audioPlay":false,"sceneViewState":{"m_AlwaysRefresh":false,"showFog":true,"showSkybox":true,"showFlares":true,"showImageEffects":true,"showParticleSystems":true,"showVisualEffectGraphs":true,"m_FxEnabled":true},"in2DMode":false,"pivot":{"x":40.702884674072269,"y":62.209712982177737,"z":-30.587852478027345},"rotation":{"x":0.05919831991195679,"y":-0.32709747552871706,"z":-0.020513933151960374,"w":-0.9429388046264648},"size":41.35639572143555,"orthographic":false}