{"cameraMode":{"drawMode":0,"name":"Shaded","section":"Shading Mode"},"sceneLighting":true,"audioPlay":false,"sceneViewState":{"m_AlwaysRefresh":false,"showFog":true,"showSkybox":true,"showFlares":true,"showImageEffects":true,"showParticleSystems":true,"showVisualEffectGraphs":true,"m_FxEnabled":true},"in2DMode":false,"pivot":{"x":705.0477294921875,"y":198.29734802246095,"z":108.724853515625},"rotation":{"x":-0.036301277577877048,"y":-0.0038984145503491165,"z":0.00016209384193643928,"w":-0.9993594884872437},"size":1246.8175048828125,"orthographic":false}